影城,戲院,戲院海報,介紹,交通方式,地址,連絡電話,
國賓戲院,國賓大戲院,https://www.ambassador.com.tw/images/img/theater/chengdu_banner202107.png,"「國賓大戲院」位於台北市西門町，堅持國際頂級聲光放映設備。擁有3個國際級影廳，配備Christie 4K RGB純雷射放映機，搭配西班牙名家設計Figueras的高級座椅，打造無死角視覺，使每一位觀眾都能獲得最佳的觀賞視野與娛樂效果。
其中更重金打造國賓鉅院廳，採用雙機4K雷射投影，最高亮度輸出可達90,000流明；並可支援120幀/秒的速度，以高速流暢的播放數位影片，每一幀圖片清楚的重現，有如身歷其境。搭配全新22米寬、12米高的世界頂級Harkness定向銀幕，有著高品質增益、高亮度、寬視角、高解析度、全視角螢幕等多項特色，提供給您更清晰的圖像品質。同時，國賓大戲院所打造的國賓鉅院廳也是全台最大的Dolby?Atmos? 杜比?全景聲影廳，全新音頻平台及立體音感，環境音場震撼清晰、無與倫比，是挑剔電影視聽極致表現的觀眾之最愛。更獨家引進加拿大D-BOX動感座椅，讓觀眾真正享受不可思議的視聽新體驗。","大眾捷運 請搭捷運板南線或小南門線至西門站下車，再從西門站的1號或6號出口步行約5分鐘。
公共汽車
中華路北站：
706、667、601、310、302、260、252、250、205、52、12

西門站：
637、640、527、307、304、270、265、263、249左(右)、243

衡陽路：
663、651、621、513、318、263、257、235、222、20

峨嵋街：
705、703、702、701、628、624、242、231",台北市成都路88號,02-2361-1223,
國賓戲院,台北長春國賓影城,https://www.ambassador.com.tw/images/img/theater/changchun_banner.png,"「台北長春國賓影城」地處台北商辦中心，有便捷的大眾交通運輸及充裕的停車位。北市首座同時映演商業鉅片與藝術影片的時尚影城，滿足各類型觀眾豐富多樣的觀影選擇，驚艷視覺饗宴、豐厚人文精神的新地標。
影城設有15個國際水準的觀影廳，含無障礙座位共有1314席，搭配原裝進口法國知名品牌Quinette的高級座椅，流線人體工學設計，寬敞舒適的座墊及椅背，貼心的置杯架，讓每一個顧客都能享受觀影的舒適環境。
全廳院設置杜比Dolby Surround 7.1聲道數位環繞音響，以及世界知名Harkness Hall超寬弧形透聲銀幕，加上絕佳音場環境設計，提供每一位消費者最奢華的視覺饗宴。","大眾捷運 請搭捷運蘆洲線至松江南京站7號出口，沿松江路往行天宮站方向直走至長春路路口右轉即可到達。
公共汽車
松江路：
109、203、214、214(直達車)

長春松江路口：
90、41、49、49(區間車)、5、505、527、642、643、676、72、72(直達)

長春國小：
12

南京松江路口：
292、292(副)、292(區間車)、306、306(區間車)、307、46、5、604、605(快速公車)、622、652、711、紅25、麥帥新城接駁公車(試辦)、棕9",台北市中山區長春路176號,02-2515-5757,
國賓戲院,新莊晶冠國賓影城,https://www.ambassador.com.tw/images/img/theater/xinzhuang_banner.png,"「新莊晶冠國賓影城」位於新北市五股區與新莊區交界，未來有雙捷運線通過，結合了餐飲、休閒娛樂等指標性購物商場。2座金鑽貴賓廳配備舒適寬敞的人體工學沙發座椅，可調整為橫躺的舒適設計，貼心尊榮的禮賓服務，讓看電影不僅是單純的娛樂，更昇華為享受。
影城設有13個影廳，含無障礙座位共有821席。搭配全新的高級座椅，流線人體工學設計，寬敞舒適的座墊及椅背，並有貼心的置杯架。
全廳院設置杜比Dolby Surround 7.1聲道數位環繞音響，以及世界知名Harkness Hall超寬透聲銀幕，加上絕佳音場環境設計，提供每一位消費者最奢華的視覺饗宴。","大眾捷運 請搭捷運桃園機場捷運線至新北產業園區下車，出口步行約5分鐘。
公共汽車
管理中心：
橘17、橘21、835、520、982環狀線先導公車。

新北產業園區站：
F202",新北市新莊區五工路66號3、4F (晶冠廣場),02-8521-6517,service@ambassador.com.tw
國賓戲院,林口昕境國賓影城,https://www.ambassador.com.tw/images/img/theater/linkou_banner.png,"「林口昕境國賓影城」擁有8個國際級影廳，配備Dolby? Atmos? 杜比?全景聲音響系統•環境音場震撼清晰、無與倫比，感受全新立體音感。 尊爵席配備舒適寬敞的人體工學沙發座椅，可調整為橫躺的舒適設計，貼心尊榮的禮賓服務，讓看電影不僅是單純的娛樂，更昇華為享受。
影城設有8個影廳，含無障礙座位共有943席。搭配全新的高級座椅，流線人體工學設計，寬敞舒適的座墊及椅背，並有貼心的置杯架。
全廳院設置杜比Dolby Surround 7.1聲道數位環繞音響，以及世界知名Harkness Hall超寬透聲銀幕，加上絕佳音場環境設計，提供每一位消費者最奢華的視覺饗宴。","公共汽車
920、936、945、786、948：忠孝路口下車約步行1分鐘

桃園客運 5063：林口國宅站下車，再步行約3-5分鐘",新北市林口區文化三路一段402巷2號4F(昕境廣場),02-2608-0011,
國賓戲院,淡水禮萊國賓影城,https://www.ambassador.com.tw/images/img/theater/fabgreen_banner.png,"「淡水禮萊國賓影城」擁有8個國際級影廳，全廳院設置杜比Dolby Surround 7.1聲道數位環繞音響，以及世界知名Harkness Hall超寬透聲銀幕，加上絕佳音場環境設計，提供每一位消費者最奢華的視覺饗宴。
影城設有8個影廳，含無障礙座位共有888席。搭配全新的高級座椅，流線人體工學設計，寬敞舒適的座墊及椅背，並有貼心的置杯架。","公共汽車
可自捷運淡水站搭乘紅26、880、836、857滬尾砲台站下車步行約2分鐘",新北市淡水區中正路一段2號(禮萊廣場),02-2626-0707,
國賓戲院,八德置地國賓影城,https://www.ambassador.com.tw/images/img/theater/bade_banner.png,"「八德置地國賓影城」位於桃園市八德區主要幹道介壽路一段上，交通便利且提供相當充裕的停車位。是桃園市八德區結合影城、商場、美食街及大賣場的豪華娛樂影城新地標！
影城設有8個國際級影廳，含無障礙座位共有1636席，搭配全新原裝進口西班牙Figueras高級座椅，流線人體工學設計，寬敞舒適的座墊及椅背，讓每一個顧客都能享受觀影的舒適環境。
搭配最新Dolby? Atmos? 杜比?全景聲音響系統及全廳院設置杜比Dolby Surround 7.1聲道數位環繞音響，結合全台獨家D-BOX動感座椅，以及世界知名Harkness Hall超寬透聲銀幕，提供每一位消費者最極致的觀影體驗。","公共汽車
介壽路上搭乘，雙向皆有上下車處( 站牌：置地生活廣場或介壽大智路口 )

桃園火車站前站│桃園客運 ( 市區公車 )：
102 桃園--景雲新村
157 桃園--八德--新興高中
201 蘆竹--八德
GR2 桃園--八德
GR2A 桃園--八德

桃園火車站後站│桃園客運總站 ( 公路客運 )：
5000 至善高中--桃園(經大溪)
5008 桃園--中壢車站(經龍岡)
5010 中壢--桃園(經仁美 八德)
5011 桃園--中壢(經竹巷)
5044 龍潭--桃園(經十一份)
5060 榮民之家--桃園(經更寮腳)
5096 桃園--大溪(經更寮腳)",桃園市八德區介壽路一段728號4F(置地生活廣場),03-218-2898,
國賓戲院,台南國賓影城,https://www.ambassador.com.tw/images/img/theater/tainan_banner.png,"「台南國賓影城」位於台南市東區與永康區交界精華地段，交通便利並附設專屬停車場，兩座國際頂級複合式主題電影院，時尚品味一館影廳與氣派典雅的中大型二館影廳，觀影空間搭配舒適摩登的沙發座椅、磅礡細膩的杜比環繞音響，讓每一個顧客都能享受觀影的舒適環境，影廳內配置加拿大4D炫躍動感技術D-BOX動態座椅與尊榮禮賓「尊爵席」，是台南唯一擁有最多元放映影廳的電影院，讓看電影不僅是單純的娛樂，更昇華為極致享受！
兩館設有12座國際水準的觀影廳，含無障礙座位共有1940席，配置原裝進口法國知名品牌Quinette高級座椅，流線人體工學設計，寬敞舒適的沙發座椅，更加大座椅間距，打造無死角視覺，使每一位觀眾都能獲得最佳的觀賞視野與娛樂效果，讓看電影更為舒適。可容納近465席次的「A廳」全面升級視聽設備，採用了15.5米寬、6.6米高的世界頂級Harkness Silver 3D超寬弧形透聲銀幕，有著高品質增益、高亮度、寬視角、高解析度、全視角螢幕等多項特色，集結世界潮流的聲光設備與舒適動感，呈現最完美、愉快的電影時光。
全廳院設置杜比Dolby Surround 7.1聲道數位環繞音響，以及世界知名Harkness Hall超寬弧形透聲銀幕，加上絕佳音場環境設計，提供每一位消費者最奢華的視覺饗宴。","自行開車
國道1號(中山高速公路)：
南下至大灣交流道往復興路/180縣道向右轉
北上至仁德交流道接182縣道往永康／台南市區方向

南二高
下關廟交流道接182縣道往永康市／台南市區方向

高鐵接駁車
中華路：H62(國賓影城站)

公共汽車
中華路：15

小東路：20、122(至彰化銀行站下車，步行5-10分鐘可到達)",台南市中華東路一段66號/88號(台南國賓廣場),06-234-7166,
國賓戲院,高雄義大國賓影城,https://www.ambassador.com.tw/images/img/theater/yida_banner.png,"「高雄義大國賓影城」擁有10個國際級影廳，及領先全台的獨家D-BOX動感座椅，帶給您感受超凡絕佳的觀影體驗！ 20米寬超大銀幕的第8廳“巨幕廳”， 以絕佳的空間感及視覺感完美呈現電影的最高水準。2座金鑽貴賓廳配備舒適寬敞的人體工學沙發皮椅，可自由調整個人最佳視線傾斜角度，貼心尊榮的禮賓服務，讓看電影不僅是單純的娛樂，更昇華為享受。
影城設有10個影廳，含無障礙座位共有1764席，搭配全新原裝進口日本Kotobuki高級座椅及美國FIRST CLASS貴賓廳沙發座椅，流線人體工學設計，寬敞舒適的座墊及椅背，讓每一個顧客都能享受觀影的舒適環境。
全廳院設置杜比Dolby Surround 7.1聲道，以及世界知名Harkness Hall超寬透聲銀幕，加上絕佳音場環境設計，提供每一位消費者最奢華的視覺饗宴。","高鐵、捷運
搭乘至左營高鐵站後，捷運左營站1號出口前方5號月台搭乘義大客運至義大世界，平均半小時一班。

客運
請參考義大客運網站http://www.edabus.com.tw/

開車指引
國道中山高速公路：
國道1號至鼎金系統交流道接國道10號往仁武方向→下仁武交流道→水管路右轉→接高52線(義大二路)至義大世界。
國道3號高速公路：
國道3號至燕巢系統交流道接國道10號往高雄方向→下仁武交流道→左轉水管路→接高52線(義大二路)至義大世界。",高雄市大樹區學城路一段12號3F(高雄義大世界),07-656-8368,
國賓戲院,高雄SKM Park國賓影城,https://www.ambassador.com.tw/images/img/theater/grassroad_banner.png,"「高雄SKM Park國賓影城」擁有10個國際級影廳，位於高雄 SKM park，緊鄰捷運紅線草衙站2號出口，結合了餐飲、休閒娛樂等指標性購物商場。全廳院配備杜比7.1聲道環繞音效，其中2個廳更配有Dolby? Atmos? 杜比?全景聲音響系統及領先全台的獨家D-BOX動感座椅，帶給您感受超凡絕佳的觀影體驗！
影城設有10個影廳，含無障礙座位共有1856席，搭配全新原裝進口西班牙Figueras高級座椅，流線人體工學設計，寬敞舒適的座墊及椅背，讓每一個顧客都能享受觀影的舒適環境。搭配最新Dolby? Atmos? 杜比?全景聲音響系統及全廳院設置杜比Dolby Surround 7.1聲道數位環繞音響，結合全台獨家D-BOX動感座椅，以及世界知名Harkness Hall超寬透聲銀幕，提供每一位消費者最極致的觀影體驗。","大眾捷運 捷運紅線草衙站2號出口
公共汽車
紅6 於「捷運草衙站」下車→由捷運地下連通道步行至高雄 SKM park。
紅7A、7B、7C 於「捷運公司(捷運草衙站)」下車步行至高雄 SKM park。
紅9A、9B「捷運草衙站」下車→由捷運地下連通道步行至高雄 SKM park。
69A、69B於「捷運公司(捷運草衙站)」下車步行至高雄 SKM park。

開車指引
國道1號南下尾端 往三國通道下中安路閘道右轉至大魯閣草衙道",高雄市前鎮區中山四路100號3樓(高雄 SKM park),07-793-3611,
國賓戲院,屏東環球國賓影城,https://www.ambassador.com.tw/images/img/theater/pingtung_banner.png,"「屏東環球國賓影城」擁有6個國際級影廳，為屏東首座結合購物中心的全數位化精緻都會型影城，擁有屏東最大、座位數最多的影廳，交通便利。領先全台的獨家D-BOX 動感座椅以及全廳院杜比7.1聲道環繞音效，視角絕佳的影廳格局，體驗身歷其境的影音震撼。結合經典美漫電影角色元素的繽紛設計，營造出全新的觀影享受與炫麗、繽紛、摩登的時尚影城風格。
影城設有6個影廳，含無障礙座位共有1135席，搭配全新原裝進口Quinette高級座椅，流線人體工學設計，寬敞舒適的座墊及椅背，並有貼心的置杯架。
全廳院設置杜比Dolby Surround 7.1聲道，以及世界知名Harkness Hall超寬透聲銀幕，加上絕佳音場環境設計，提供每一位消費者最奢華的視覺饗宴。

","自行開車
國道高速公路：
走國道三號麟洛交流道下→右轉直行台一線至民生路→自由路右轉→公園路左轉直行約500公尺處；如下高屏大橋→復興南路一段左轉→自由路右轉→公園東路左轉直行約500公尺處。

公共汽車
8227屏東三地門鄉公所(屏東醫院站下車)。
8229屏東三和村三地門(屏東醫院站下車)。
8289海生館四重溪線 請更改為8228屏東份仔三地門線(屏東醫院站下車)。
507屏東火車站─和平國小(屏東醫院站下車)。",屏東縣屏東市仁愛路90號6樓(屏東環球購物中心),08-766-2128,
國賓戲院,金門昇恆昌國賓影城,https://www.ambassador.com.tw/images/img/theater/quemoy_banner.png,「金門昇恆昌國賓影城」坐落於金湖鎮金門昇恆昌金湖廣場，有六個數位國際級放映影廳，含無障礙座位共638席，全影廳配置了頂級杜比7.1數位環繞音響，加上超廣角弧形銀幕與寬敞舒適的人體工學座椅，絕對讓金門在地民眾與觀光客，體驗國際級的觀影享受。,,金門縣金湖鎮太湖路二段198號6樓(金門昇恆昌金湖廣場),082-330-287,
美麗華影城,美麗華影城,https://www.miramarcinemas.tw/MiramarRes/5b983681-0b23-4a75-9858-ab12871d6d22.jpg,"美麗華IMAX影廳
2004年美麗華影城斥資2億6,000萬量身打造全台第一座 IMAX 廳，以其頂級的放映技術和舒適的觀影環境而聞名。IMAX將超大銀幕與超高解析度、極致音效結合，旨在為觀眾提供前所未有的視覺與聽覺享受。

銀幕表面經過特殊處理，能夠更精確地反射光線，保證畫面的亮度和清晰度。無論是壯觀的自然景觀還是高速的動作場面，IMAX 銀幕都能呈現出超越想像的細膩和震撼效果，使觀眾感覺彷彿置身於電影之中。



local_activityIMAX 超大銀幕
美麗華IMAX影廳配備了一塊長28公尺、高21公尺的巨大弧形銀幕，這塊銀幕比一般影院的銀幕大上數十倍，能夠完整覆蓋觀眾的視野，提供更加廣闊和沉浸的視覺效果。

銀幕表面經過特殊處理，能夠更精確地反射光線，保證畫面的亮度和清晰度。無論是壯觀的自然景觀還是高速的動作場面，IMAX 銀幕都能呈現出超越想像的細膩和震撼效果，使觀眾感覺彷彿置身於電影之中。




local_activityIMAX 雙機雷射放映技術
美麗華IMAX影廳配置了雙機4K雷射放映系統，特有的光學引擎展現了革命性的放映效果，能夠支援高解析度的影片。IMAX專有的圖像增強器，能自動進行調焦及校準，確保IMAX影片提供更加鮮明的色彩和無與倫比的畫質。

這種技術使得每一幀畫面都達到極致的清晰度和對比度，無論是細微的顏色變化還是黑暗場景中的細節，都能得到完美呈現。這種高精度的畫面表現力讓觀眾在觀影時仿佛身臨其境，感受每一秒的震撼與精彩。



local_activityIMAX 環繞音響系統
廳內配置了最先進的12.1聲道環繞音響系統，這套系統由多個精確校調的揚聲器組成，能夠發出清晰而強勁的音效，覆蓋影廳的每一個角落。

無論是驚心動魄的火山爆發還是細針落地的微小聲音，觀眾都能感受到聲音的層次感和方向感。IMAX 環繞音響系統的獨特設計讓聲音能夠隨畫面變化，精確傳達電影中的每一個音效，讓觀眾聲入其境。




local_activity享譽國際、屢創佳績的首選影廳
美麗華IMAX影廳因特有的銀幕規格，能支援1.43：1畫面比例，這種比例非但是全台獨家，在國際上也是十分罕見的規格。1.43：1的電影畫面相較於常見的 2.39：1 或 1.90：1 的電影畫面，可以收穫超過66%或40%的電影畫面，如實地呈現電影創作者心中最原始的電影內容。在如星際效應、沙丘、奧本海默、獅子王、007：生死交戰等作品中，都為台灣的觀眾們展示了1.43：1的恢弘畫面，展現了電影壯闊且震懾人心的魅力。

在卓越的放映技術、震撼的音響效果、超大銀幕及精心設計的觀影環境下，美麗華IMAX影廳拿下無數次的全國單廳票房冠軍、世界單廳票房前五等輝煌紀錄，更是海外影迷慕名而來、國內影迷觀影唯一指名的首選影廳。",,台北市中山區敬業三路22號6樓,02-8502-2208,
秀泰影城,台北欣欣秀泰,https://capi.showtimes.com.tw/assets/4b/4b1e2a7c-210b-4a6a-b5bf-199a7432a3f8.jpg,"位於台北市區的中山商圈，於2021年重新改裝，大廳以「70年代流金歲月」為主題，運用實木、白色、鈷藍色及金色軟裝呈現出復古與現代的融合風格，並獲得2022年國際設計大獎「Novum Design Award」金獎的殊榮。

並耗資重金與韓國CJ4DPLEX合作，打造全台獨家的「ScreenX 270度沉浸式全景影廳」，ScreenX影廳採用高規格投影技術，將主銀幕延伸成為三面270度全景畫面、將大幅擴大觀眾周邊視野，並結合4K雷射巨幕，打造高約7米，寬約54米的270度超巨幕全景影廳，並同步升級杜比重低音以及環繞音響，將能創造極致震撼的沉浸式觀影體驗。

除了「ScreenX 270度沉浸式全景影廳」外，全影城共建置14座頂級數位影廳，每廳皆使用落地式銀幕、3D放映設備、Christie擴大機、Vive陣列式環繞喇叭；全影城1,503席座椅皆使用秀泰獨家「日本Kotobuki第三代尊榮商務艙雙扶手座椅」，並採用黃金比例打造全面無死角觀影環境，提供影迷們極致舒適的觀影享受。","交通方式
近捷運淡水線/松山線　中山站三號出口。

公車
5、12、26、46、52、266、282、282副、288、288區、292、292副、306、306區、307、604、605快、622、652、棕9、紅25、208、211、246",台北市中山區林森北路247號,(02)2537-1889,
秀泰影城,台北東南亞秀泰,https://capi.showtimes.com.tw/assets/00/002957ef-0d5d-490e-a535-3fc753dccac5.jpg,秀泰影城於104年7月接手營運近50年的原東南亞戲院，透過品牌形象、專業設備、最佳服務…等經營策略，重新改裝後更名為「東南亞秀泰影城」。整體內裝以時尚、簡單精緻風格設計，導入頂級放映設備、舒適的商務艙座椅，於公館商圈打造5星級精品影城，讓看電影除了是生活休閒之外，更是另一種奢華享受！,"交通方式
淡水線/松山線 公館站1號出口

公車
0南、1、109、1501、05、207、208、208區、208直、236、236區、236夜、251、251區、252、253、254、254區、278、278區、280、280直、284、284直、290、311、311區、505、 52、530、606、642、643、644、648、660、668、671、673、675、676、74、907、南軟通勤專車雙和線、小30、懷恩專車S31、敦化幹線、景美-榮總(快) 棕11 棕12 棕22 綠11 藍28",台北市中正區羅斯福路４段136巷3號,(02)2367-8999,
秀泰影城,板橋秀泰,https://capi.showtimes.com.tw/assets/45/45a1a4dd-105a-47f2-864d-b12153dc61ab.jpg,新北首座精品影城。全影城擁有17座全新數位影廳、DepthQR3D系統、其中Atmos廳配備杜比全景聲(Dolby Atmos)音響系統。獨家日式商務艙雙扶手座椅、1：2.3黃金比例影廳、落地超大銀幕，全廳觀影無死角。飯店式服務：全面配備免治馬桶、獨立空氣清淨機及除濕機，使每位購票的客人都能享受相同的品質以及如飯店般的高級設備及服務。,(1)捷運：板橋捷運站1號出口，步行1分鐘 (2)公車：板橋公車站，步行1分鐘 (3)高鐵：高鐵板橋站，北側出口步行5分鐘 (4)鐵路：台鐵板橋站，北側出口步行5分鐘 (5)自行開車：文化路往台北方向行駛時，應右轉新府路，至站前路口右轉直行進麗寶百貨廣場停車場 ◆文化路往板橋方向行駛時，應左轉新站路，至站前路口右轉直行進麗寶百貨廣場停車場。 ◆縣民大道方向行駛時，應由新站/新府路轉彎，至站前路口直行進麗寶百貨廣場停車場。,新北市板橋區縣民大道二段3號,(02)2968-5588,
秀泰影城,樹林秀泰,https://capi.showtimes.com.tw/assets/6a/6a8a117b7ae19ea36fee6f242371e477.jpg,"視覺-完美呈現栩栩如生

秀泰影城斥資超過破億打造北台灣地區最佳觀影環境。新北最大巨型銀幕廳，廳高14米，寬22米，並配備EWD雷射4K放映系統，不論在亮度、色度、對比度都是業界最高的標準，提供您畫面最細膩、色彩最鮮豔、畫質最飽滿的觀影品質。其他的影廳我們也引進了Christie?RDLP高階機型，滿足您的視覺饗宴。


聽覺-層次分明清晰犀利

超越業界、大膽突破就是要給您最聲歷其境的音響感受！12個影廳全面配備Christie?ViveAudioTM陣列式揚聲系統。一體式弧線型陣列揚聲器的優勢在於能完整覆蓋全廳、提供最高的解析度、最真實的音質及高輸出的低頻效果。坐在影廳內的任何位置都能體會到這套設備所呈現的完美無瑕音場效果！


感覺-貼心舒適備受尊榮

全台獨家的日本Kotobuki第三代尊榮商務艙雙扶手座椅，提供您業界最舒適最寬敞的觀影空間。全面配備TOTO免治馬桶，各項貼心設計都要讓您擁有最美好的觀影體驗。","火車：
搭乘火車至「樹林站」下車，自前站鎮前街出口左轉接樹新路，步行6分鐘。

自行開車：
國道北二高土城交流道下，過城林橋沿溪城路接板林路至保安街左轉，到樹新路右轉即可到達。

公車
台北客運843 / 藍44 / 701 / 793 / F501【樹林站】下車即可到達 . 台北客運701 / 702 / 802【濟安宮站】下車，步行1分鐘",新北市樹林區樹新路40-6號,(02)-2686-8769,
秀泰影城,土城秀泰,https://capi.showtimes.com.tw/assets/dd/dd6b0e1a7eef81f09b2ba2523abfb36d.jpg,全影城擁有11座全新影廳、JBL音響系統。獨家日式商務艙雙扶手座椅、1：2.3黃金比例影廳、落地超大銀幕，全廳觀影無死角。飯店式服務：全面配備免治馬桶、獨立空氣清淨機及除濕機，使每位購票的客人都能享受相同的品質以及如飯店般的高級設備及服務。,"自行開車：

由土城區中央路二段61巷進入，並轉入中央路二段21巷後，即可抵達日月光廣場汽機車停車場。

捷運：

捷運板南線至『土城站1號出口』金城路直走至學府路二段路口左轉，步行9分鐘。 捷運板南線至『海山站3號出口』轉搭日月光廣場免費接駁車（6/27起開始營運）。

公車
搭以下各路公車至『員林里』站下車?705、805、812、985、1962、9103、F605、F606路線",新北市土城區學府路二段210號,02-2260-3398,
秀泰影城,台中站前秀泰,https://capi.showtimes.com.tw/assets/a2/a22ea886-8b74-4f17-80ca-fcb3ff78d14f.jpg,"秀泰集團斥資破億，以年輕化的「幾何線條」做為設計語彙，打造一座屬於年輕人的電影流行集散地，並耗資重金與韓國CJ4DPLEX合作，打造全台獨家的「ScreenX 270度沉浸式全景影廳」，ScreenX影廳採用高規格投影技術，將主銀幕延伸成為三面270度全景畫面、將大幅擴大觀眾周邊視野，並結合4K雷射巨幕，打造高約12米，寬約66米的270度超巨幕全景影廳，並同步升級杜比重低音以及環繞音響，將能創造極致震撼的沉浸式觀影體驗。
除了「ScreenX 270度沉浸式全景影廳」外，全影城共建置16座頂級數位影廳，每廳皆採用Christie?DLP高階機型、Christie?ViveAudio陣列式喇叭；全影城2,668席座椅皆使用「日本Kotobuki第三代尊榮商務艙雙扶手座椅」，並採用黃金比例打造全面無死角觀影環境，並擁有符合人體工學的1.2米階深，享有黃金觀影視野，提供影迷們極致舒適的觀影享受。","【大眾運輸】

◎搭乘火車或客運，至台中火車站下車，至火車站承租騎乘機車5分鐘，即可到達台中秀泰廣場站前店

◎搭乘火車或客運，至台中火車站下車，沿著新民街步行，左轉復興路約10分鐘，即可到達台中秀泰廣場站前店

◎搭乘高鐵，至台中高鐵站下車，轉搭33、158、166、6268、6670、6737號公車，45分鐘即可到達台中秀泰廣場站前店


【自行開車】

◎國道1號→大雅交流道下→經台74線往太原方向→右轉自由路4段→左轉南京路→台中秀泰廣場站前店

◎國道3號→霧峰交流道下→經台74線往大里方向→左轉環中東路5段→旱溪西路1段→左轉振興路→右轉東光園路→左轉樂業南路→右轉建成路→左轉南京路→台中秀泰廣場站前店

◎搭乘火車或客運，至台中火車站下車，搭乘11路公車(綠能街車)，即可到達台中秀泰廣場站前店

公車
33、158、166、6268、6670、6737",台中市東區南京路76號,(04)-2211-7988,
秀泰影城,台中文心秀泰,https://capi.showtimes.com.tw/assets/f0/f0123be11fcb158546142d18b415f672.jpg,"為貼近台中西屯及南屯一帶的質感藝文生活，秀泰集團特別斥資億元，以「現代質感」揉合「木質輕奢」，兩種設計語彙為命題，碰撞出令人耳目一新的空間視覺設計。

秀泰集團並耗資重金與韓國CJ4DPLEX合作，打造全台獨家的「ScreenX 270度沉浸式全景影廳」，ScreenX影廳採用高規格投影技術，將主銀幕延伸成為三面270度全景畫面、將大幅擴大觀眾周邊視野，並結合4K雷射巨幕，打造高約12米，寬約66米的270度超巨幕全景影廳，並同步升級杜比重低音以及環繞音響，將能創造極致震撼的沉浸式觀影體驗；另外更與世界頂級名床品牌TEMPUR合作，打造全台唯一的「丹普廳」，特別選用歐洲原裝進口、每張市值超過40萬的TEMPUR丹普電動床組，並設有VIP專屬購票櫃檯與私人Lounge休息區供貴賓在等候電影放映前可充份放鬆，創造最完美奢華的觀影享受。

除了「ScreenX 270度沉浸式全景影廳」及「丹普廳」外，全影城共建置14座頂級數位影廳，每廳皆Christie?DLP高階機型、Christie?ViveAudio陣列式喇叭；全影城2,066席座椅皆使用「日本Kotobuki第三代尊榮商務艙雙扶手座椅」，並採用1：1.85黃金比例，打造全面無死角觀影環境，並擁有符合人體工學的1.2米階深，享有黃金觀影視野，提供影迷們極致舒適的觀影享受。

","台鐵：搭乘台鐵至大慶火車站，至文心南路往豐樂雕塑公園之方向步行20分鐘、騎機車約10分鐘，即可到達秀泰生活台中文心店。

高鐵：搭乘高鐵至烏日高鐵站下車，轉乘台鐵即可抵達大慶火車站。轉搭53（統聯）、73（統聯）、99（中鹿客運）、99延一、99延2、356（順捷交通）至豐樂公園站下車，即可到達秀泰生活台中文心店。

捷運：搭乘捷運至豐樂公園站下車
公車
53（統聯）、73（統聯）、99（中鹿客運）、99延一、99延2、356（捷順交通）至豐樂公園站下車",台中市南屯區文心南路289號7樓8樓,(04)-2473-5989,
秀泰影城,台中麗寶秀泰,https://capi.showtimes.com.tw/assets/8c/8c095eec0f1d2a3bc57acb242787bf9b.jpg,台中麗寶秀泰影城位於麗寶Outlet Mall D區3樓，採用簡潔靜寧的韓風白色系設計，每座影廳皆配備頂級放映設備及全台獨家的日本Kotobuki第三代尊榮商務艙雙扶手座椅，並貼心安裝TOTO免治馬桶，提供顧客舒適完善的觀影空間，打造台中地區休閒娛樂網美打卡新地標。,"高鐵：搭乘高鐵至臺中站下車
● 轉乘接駁車：免費接駁車(須於官網提前預約) 到麗寶樂園，至Outlet MallＤ區3樓
● 轉乘公車：155路公車(搭乘時間約90分鐘以上) 到麗寶樂園，至Outlet MallＤ區3樓

飛機：搭乘飛機至臺中清泉崗機場，轉乘302路公車至台中朝馬國光站，再轉乘免費接駁車到麗寶樂園，至Outlet MallＤ區3樓

火車：搭火車到豐原火車站
● 轉乘公車：時間約30分鐘起，票價約33元，請參考「市區公車」
● 搭特約計程車：計程車上面有麗寶樂園的 LOGO，時間約20分鐘，車資約為450元，請參考「計程車」

火車：搭火車到后里火車站 步行至后里國小前
● 搭乘樂園免費接駁車直達麗寶樂園，至Outlet MallＤ區3樓
● 轉乘公車：155路公車、811路公車直達麗寶樂園麗寶樂園，至Outlet MallＤ區3樓 ● 搭特約計程車：搭火車到后里火車站，轉搭麗寶樂園特約計程車，后里 -麗寶樂園的計程車車資約為250元，麗寶樂園特約計程車可以直接開入園區，不需再另外多付任何費用。請參考「計程車」。

公車
155路公車、811路公車到麗寶樂園，至Outlet MallＤ區3樓",台中市后里區月眉東路二段181號3樓,(04)2558-7180,
秀泰影城,嘉義秀泰,https://capi.showtimes.com.tw/assets/b2/b232c813677c07ad16709e1c5b328203.jpg,"11個放映廳，1408席，淡水河以南最大超級巨幕、日本專利商務艙座椅等最優質設備，提供頂級舒適的視聽空間，打造嘉義市最具話題、亮點的精品影城，成為觀影娛樂消費新地標。

超級巨幕廳特色： 由秀泰集團斥資超過千萬打造中南部第一大的「超級巨幕」廳，挑高五層樓近15米高、22米寬，並採用最新科技Barco4K雷射投影，帶給觀眾一個高亮度、高畫質、高清晰、高品質的視覺饗宴。為了達到更完美的音場感受和追求聲音極致，「超級巨幕」廳特別採用Christie「陣列式? 主聲道及環繞喇叭，經過精密計算過的短、中、長程喇叭，及區分平均音壓，總輸出高達12萬瓦，能使觀眾感受到高頻的纖美、中頻的豐潤、低頻的渾厚及重低音的超震撼表現，並採用日本Kotobuki頂級商務艙雙扶手座椅，全台最深之1.25米階深，腿部空間表現上更為寬闊，符合人體工學，更享有黃金觀影視野。秀泰影城將打造全台最氣勢磅礡的巨型銀幕影廳，重新定義頂級奢華的觀影享受。","嘉義火車站沿林森西路路步行約20分鐘。

公車
搭乘市區66路台灣好行公車「光林我嘉線」，於秀泰影城下車",嘉義市西區文化路299號,05-228-3838,
秀泰影城,基隆秀泰,https://capi.showtimes.com.tw/assets/8a/8ac59f927658b640de192643bf6cadb2.jpg,旗艦級的尊榮定位，斥資上億元鉅額，時尚華麗的空間享受。8座超豪華影廳，1033個舒適座椅，更多廳更多選擇。全新數位3D放映技術搭配杜比環繞音響系統，超環繞，超震撼﹗量身訂做影廳座椅，符合人體工學，久坐更舒適，座位前後排間距加寬，觀賞視線無障礙。最齊全的餐飲美食，香濃爆米花，可樂，熱狗堡，吉拿棒等新鮮提供，看電影不必出遠門，基隆在地最便利的選擇，便宜又划算﹗,"近基隆火車站，往文化中心步行約10分鐘。

公車
市政府站下車(101、103、104、105、107、108、109、201、202、203、204、205)步行約3分鐘。",基隆市信一路177號,(02)2421-2388,
秀泰影城,花蓮秀泰,https://capi.showtimes.com.tw/assets/24/2432c2b3dd3dd157f16967b1679b4b09.jpg,引進全新數位杜比3D放映技術，優質強片輪番上映，位處鬧區，提供花蓮當地民眾娛樂休閒更好的選擇!!,花蓮火車站往國聯五路步行約10分鐘。,花蓮市國聯五路69號,(03)8339838,
秀泰影城,台東秀泰,https://capi.showtimes.com.tw/assets/5c/5c593a3e-9d7f-4f3a-af0b-49e638ec5d81.jpg,台東市區最大娛樂廣場，食趣購物新據點，不可錯過的美食饗宴，最新流行購物資訊。 結合最優質影音設備，八個影廳近千個座位，提供您身歷其境的影音感受。,"新生公園旁、鼎東客運站旁

公車
在台東火車站搭8116公車到新生路下，走1分鐘到新生路93號。",台東市新生路93號,(08)9327755,
秀泰影城,北港秀泰,https://capi.showtimes.com.tw/assets/15/15a0cf3e5b432fcc26e78507575a5b2c.jpg,雲林北港秀泰影城全店風格設計裝潢，每廳裝置頂級放映設備及秀泰影城獨家舒適商務艙雙扶手座椅，並貼心安裝免治馬桶，提供顧客舒適完善的觀影空間，打造雲林地區休閒娛樂網美打卡新地標。,"【自行開車】


◎國道1號→下嘉義交流道→往西北走北港路/159縣道→靠左行駛，進入嘉北路/159縣道→靠左行駛，進入縣道164號/159縣道→於縣道164號/台19線向左轉→於中央公路/華南路/台19線向右轉→直行約1分鐘即可抵達家樂福北港店，雲林北港秀泰影城位於2F



【大眾運輸】


◎搭乘火車至嘉義火車站，於前站轉乘嘉義客運（嘉義→北港 7201、7202），於終點「北港站」下車，步行6分鐘即可即可抵達家樂福北港店，雲林北港秀泰影城位於2F",雲林縣北港鎮光復里華南路101號2樓,(05)7821-898,
秀泰影城,台南仁德秀泰,https://capi.showtimes.com.tw/assets/a7/a7f31e004ba5ca4287b853836d6cfa04.jpg,台南仁德秀泰影城位於家樂福台南新仁店2樓，全店風格設計裝潢，每廳裝置頂級放映設備及秀泰影城獨家舒適商務艙雙扶手座椅，並貼心安裝免治馬桶，提供顧客舒適完善的觀影空間，打造台南地區休閒娛樂網美打卡新地標。,,台南市仁德區仁愛里大同路三段759號2樓,(06)269-1889,
秀泰影城,高雄夢時代秀泰影城,https://capi.showtimes.com.tw/assets/6d/6daf8f2a5b6f5ccdd0c503271267b254.jpg,"高雄夢時代秀泰影城以未來航空站作為設計發想，從火箭發射台大廳、光年飛行走廊、天際展演廳隨處可見富有未來感的航空元素，全影城12座影廳1,852席皆配備英國進口最高規格的傾躺式商務級皮椅，並耗資重金與韓國CJ4DPLEX合作，打造全台獨家的「ScreenX 270度沉浸式全景影廳」，ScreenX影廳採用高規格投影技術，將主銀幕延伸成為三面270度全景畫面、將大幅擴大觀眾周邊視野，並結合4K雷射巨幕，打造高約8米，寬約49米的270度超巨幕全景影廳，並同步升級杜比重低音以及環繞音響，將能創造極致震撼的沉浸式觀影體驗，另外也建置一座「南高雄」最大的「寬巨幕廳」，銀幕尺寸寬約19公尺，高約8公尺並採用最新Christie 4K RGB純雷射電影機，並特別設置Dolby主聲道&Christie Vive 陣列式環繞喇叭。

除了「ScreenX 270度沉浸式全景影廳」及「寬巨幕廳」外，全影城共建置11座頂級數位影廳，每廳皆配備頂級Christie電影機、Christie Vive陣列式環繞喇叭，提供劇院等級的擴大機Dynacord及 Dolby 7.1 聲道音效處理系統，並採用黃金比例打造全面無死角觀影環境，並擁有符合人體工學的1.2米階深，享有黃金觀影視野，提供影迷們極致舒適的觀影享受。","高雄捷運

請搭乘高雄捷運至R6(凱旋站)轉乘輕軌C3(前鎮之星站)至C5(夢時代站)下車

屏東客運

高雄-墾丁、高雄-鵝鑾鼻:請於夢時代站下車，約步行15分鐘即可抵達

公車
高雄市公車

15、36、70、214、中華幹線、168環狀東線/西線 請於夢時代站下車，即可抵達。

25、69、12

168環狀東線/西線",高雄市前鎮區中華五路789號8樓,(07)-8122998,
秀泰影城,高雄岡山秀泰,https://capi.showtimes.com.tw/assets/a4/a486200b1bf858eb26646511e21b5007.jpeg,"高雄岡山秀泰全影城共13座影廳，每廳皆備有頂級Christie RGB 雷射電影機、Dolby7.1聲道音效處理系統、Christie擴大機、Vive陣列式喇叭系統，以及11.85黃金比例影廳，打造全面觀影無死角環境，而全影城座椅使用秀泰獨家日本 Kotobuki 頂級商務艙雙扶手座椅並擁有全台最深之1.2米階深，腿部空間表現上更為寬闊，符合人體工學，更享有黃金觀影視野，提供影迷們最舒適的觀影享受。

為滿足高雄影迷們對於觀影品質的追求，秀泰影城耗資重金在高雄岡山秀泰影城打造南高屏銀幕尺寸最大的 「超級巨幕廳」，挑高五層樓15米高、22米寬，採用最新科技 Christie 4K RGB 雷射電影機，並特別設置 Christie 「陣列式? 主聲道及環繞喇叭。

經過精密計算過的短、中、長程喇叭，及區分平均音壓，總輸出高達12萬瓦，能使觀眾感受到高頻的纖美、中頻的豐潤、低頻的渾厚及重低音的超震撼表現，「超級巨幕廳」讓消費者不只是「看」電影，更是「享受」極致的觀影體驗。","1. 捷運：捷運南岡山站1號出口，出站後過馬路，即可抵達。

2.公車：捷運南岡山站",高雄市岡山區捷安路1巷2號4樓,(07)-6262808,
威秀影城,台北信義威秀影城,https://www.vscinemas.com.tw/vsweb/upload/about/about_20161018001.jpg,"台北信義威秀影城內有時髦前衛、聲光炫麗的裝潢，為全國第一座專門為放映電影而量身打造的建築設計，提供了由現成建築物改裝的傳統電影院無法擁有的舒適視聽空間。


世界上最棒的影廳之一的4DX影廳，威秀影城2013年獨家引進，打造『台北信義威秀影城』全台首座4DX影廳，帶給您世界級的最新影音感官全體驗效果。


為滿足觀眾視聽至高無上的享受，台北信義威秀影城應用最新科技，為未來影城之設計規劃建立新規範，也為台灣的電影院史上樹立新的里程碑。出自名室內設計師之手的17間影廳院，皆具備超大型廣角弧形銀幕及球場座位排列的座椅，提供威秀影城之觀眾寬敞舒適、無障礙的空間，為全台首座經過THX世界標準聲場環境認證的標準影廳，提供北台灣民眾世界級的影音享受。","捷運：市政府站3號出口、捷運象山站 1號出口、台北101/世貿站4號出口
公車︰可搭乘 284, 202, 266, 277, 611, 612, 621, 20 (松壽路口下)",台北市信義區松壽路20號,(02) 8780-5566,
威秀影城,台北京站威秀影城,https://www.vscinemas.com.tw/vsweb/upload/about/about_20160912004.jpg,台北京站威秀影城為威秀影城全台第八家影城，也是正式更名為威秀影城後，第一家全新開幕的影城。座落於西區最大公共交通轉運樞紐的複合式商場內。經過京站時尚廣場進入台北京站威秀影城的長型手扶梯後，就是由國內知名設計團隊打造，時尚大器的入口挑高大廳；漫步入內，設計感鏤空天花版，二側步道不但有電影相關資訊，還有錯落的小店可在買票後稍做瀏覽。,"捷運/高鐵/台鐵：台北車站站，往中山地下街方向至R1出口，或經台北地下街Y1、Y3、Y5出口，步行約5分鐘即抵
公車︰可搭乘公車或客運至「臺北車站」站下車",台北市大同區市民大道一段209號5樓,(02) 2552-5511,
威秀影城,板橋大遠百威秀影城,https://www.vscinemas.com.tw/vsweb/upload/about/about_20161021003.jpg,板橋大遠百威秀影城是威秀影城於新北市的第一個據點。座落於新板特區板橋大遠百複合式商場內的10樓，為全數位化影城，全面採用最先進的Christie數位二代機放映系統，並且皆有數位IMAX影廳配置，影城音響系統採用全球最先進QSC四迴路音響系統，是台灣影院中極其頂尖的音響設備。,"捷運/高鐵/台鐵：板橋站3 A 出口，往台鐵1F東2門方向右轉步行約3~5分鐘，或由台鐵B1F東門方向經地下連通道即可到達
公車︰可搭乘至「板橋火車站」站下車，往台鐵東門方向右轉步行約3~5分鐘即可到達
客運：可搭乘至「板橋客運站」下車，出口左轉步行約 3~5 分鐘即可到達",新北市板橋區新站路28號10樓,(02) 7738-6608,
威秀影城,台北西門威秀影城,https://www.vscinemas.com.tw/vsweb/upload/about/about_20240912001.jpg,"位於年輕人熱愛的潮流與創意匯聚之地西門町，本影城為9座影廳，共計1,012席，打造西區觀影首選據點；不僅提供觀影體驗場域，更成為年輕族群的全娛樂新熱點，開啟新的電影旅程。","捷運：西門站六號出口經徒步區至漢中街
公車︰
可搭乘9、12、20、49、202、202區、205、206、212、212直、218、218直、220、223、231、232、234、242、243、245、246、249、252、253、260、262、262區、263仁愛幹線 至「捷運西門站」
可搭乘18、221、232、235、257、635、637、640、783、797、799、835、藍2至「西門市場(成都)」
可搭乘242、624、938、藍29至「漢口中華路口」",台北市萬華區漢中街52號8-11樓,(02) 2312-3232,
威秀影城,中和環球威秀影城,https://www.vscinemas.com.tw/vsweb/upload/about/about_20210512001.jpg,"威秀影城於環球購物中心新北中和店，推出10座嶄新雷射影廳，座位數1,360席，帶給中永和及鄰近地區影迷更明亮的高畫質觀影體驗。
前後座位空間全部升級，滿足影迷觀賞電影的舒適需求；10座雷射影廳提供多元影片內容，增加場次彈性，讓觀眾能有更多選擇，打造服務影迷最全面的新穎影城。","捷運/高鐵/台鐵：捷運至板橋車站或新埔站換搭免費接駁車。

公車︰
可搭乘307、57(Global Mall環球購物中心下車)，步行約2分鐘至Global Mall新北中和
可搭乘657 (瑞穗里下車)，步行約2分鐘至Global Mall新北中和

接駁車︰
新埔線 | 班距30~60分鐘 | Global Mall 新北中和→捷運新埔站1號出口(步行三分鐘可至捷運環狀線新埔民生站)→Global Mall新北中和

板橋線 | 班距30~60分鐘 | Global Mall 新北中和→板橋火車站西出口站→Global Mall 新北中和",新北市中和區中山路三段122號4樓 (Global Mall新北中和),(02)8226-6063,
威秀影城,新店裕隆城威秀影城,https://www.vscinemas.com.tw/vsweb/upload/about/about_20230928001.JPG,"位於新北市新店區的威秀影城，為威秀影城旗下於新北市的第4座影城。本影城共計14座影廳，接近2400個總座位數。14座影廳中，包括1座IMAX影廳，將為新北市新店一帶居民帶來極致震撼影音體驗。
新店裕隆城威秀影城除了主打高規格影音體驗的IMAX雷射影廳之外，其餘13座影廳更能滿足各類影迷客層需求。想看的電影應有盡有，加上優異的雷射投影，力求影音完美表現的威秀影城，將帶給新店一帶的居民們最佳休閒場所。","捷運：
松山新店線/環狀線-大坪林站5號出口
松山新店線-七張站1號出口

公車︰
可搭乘台北客運綠1至「臺灣銀行」，793、796至「寶橋中興路口站」
可搭乘新店客運647、849、綠3至「寶橋路口站」
可搭乘中興客運951至「寶橋路口站」
可搭乘東南客運小11至「臺灣銀行」
可搭乘欣欣客運棕2至「臺灣銀行」，576、819至「寶橋路口站」，252、592、819至「寶橋中興路口站」

接駁車：
站牌位置：捷運大坪林站5號出口左後方。
班次頻率：每天上午11:00自大坪林站發車，每15分一班，直達裕隆城不中停。",新北市新店區中興路三段70號7樓 (新店裕隆城),(02)8911-5221,
威秀影城,林口MITSUI OUTLET PARK威秀影城,https://www.vscinemas.com.tw/vsweb/upload/about/about_20160912013.jpg,"林口MITSUI OUTLET PARK威秀影城，為威秀影城以開創性概念打造的全新據點。
為了給影迷最佳觀影體驗，本據點將採取全4K影廳規格，讓影像投影畫質大幅提升，並透過優化程度使影像達到最清晰、栩栩如生效果。

威秀影城也特別打造全新人文概念影廳「Mappa」，讓影迷在娛樂觀影之外，亦能感受濃厚的藝文色彩風格，將成為北台灣最具風格化的影城。而新北市首座4DX動感體驗影廳，也讓引頸期盼的新北市影迷們，能就近體驗全球好萊塢最夯的互動娛樂座椅效果。
","公車：
1)台北前往可搭乘：786、858、898、920、925、936、937、945、946、946副、948、1210、1211、1356B
2)桃園前往可搭乘： 5063、5069、5071、1356B

客運︰
1)台北前往可搭乘： 三重客運-936(直達)、1210、1211(直達)、長庚號(直達)、泛航客運-2001大都會客運-936(直達)、937(直達)
2)桃園前往可搭乘： 桃園客運-5057、5063、5065、5116

捷運：機場捷運林口站出口步行約5分鐘

接駁車：請多加利用MITSUI OUTLET PARK 林口免費接駁車",新北市林口區文化三路一段356號3樓,(02) 2606-8099,
威秀影城,桃園統領威秀影城,https://www.vscinemas.com.tw/vsweb/upload/about/about_20180918001.jpg,"位於桃園火車站人潮聚集處的統領百貨，組成客層多元化。舉凡學生族群到新住民、新移工、粉領族及親子家庭，都是此據點主力消費者；威秀影城首度落點桃園，就要打造給影迷們最多選擇的影城為風格。

為了迎接包羅萬象的各國片單，威秀影城推出20個全雷射影廳，讓桃園觀眾能享受到各式電影，給你最多影廳最多選擇；電影類型應有盡有，滿足影迷觀影期待。","開車：
1) 中山高速公路-南崁交流道下，車程約20分鐘即可抵達。
2)北二高-大湳交流道下，車程約15分鐘即可抵達。
※停車優惠：憑當日電影票根可折抵每台車1小時(票根每車限抵乙張)，若有統領T+會員卡平日可再折抵2小時，假日1小時，合併優惠每日以4小時為限，折抵以1台為限。

台鐵：由台鐵桃園站下車後步行約5分鐘即可抵達。
高鐵︰高鐵桃園站下車後搭乘高鐵206號接駁車至桃園站下車後步行約5分鐘即可抵達。",桃園市桃園區中正路61號9樓 (統領百貨),(03) 333-3232,
威秀影城,桃園桃知道威秀影城,https://www.vscinemas.com.tw/vsweb/upload/about/about_20240807001.jpg,"位於桃園圖書館總館的桃園桃知道威秀影城，由威秀影城管理。本影城包括4座影廳，總座位數接近4百席。
打造以知識電影方舟概念，讓桃園影迷多一處探索全球藝術文化的好去處。 除了世界各地影展的藝文電影，也將帶給觀眾時下最熱門的人氣作品，服務大桃園地區影迷。","自行開車：
國道1–南崁交流道下，循省道4號春日路右轉南平路直行至中正路口即達。
國道2–南桃園交流道下，往桃園方向，循大興西路至中正路左轉即達。

公車/客運︰
可搭乘168、168A、188、189、302、707、711、9005至「南平中正路口站」
可搭乘168、168A、188、189、220、220A、221、222、223、151、152、117、117A、GR、711、1662、9005、9023至「中正藝文特區站」
可搭乘220、220A、221、222、223、151、152、117、117A、302、309、GR、707至「行政執行處站」",桃園市桃園區南平路301號4樓 (桃知道GELEVEN PLAZA),(03) 317-5353,
威秀影城,新竹大遠百威秀影城,https://www.vscinemas.com.tw/vsweb/upload/about/about_20160912016.jpg,"新竹大遠百威秀影城位於新竹市西大路大遠百娛樂城8樓及10樓，引進世界級的影音設備，同步上映全球熱門的精采好片，儼然為新竹娛樂新地標，無疑地提供了新竹地區朋友更優質的娛樂生活。
由於座落於西大路和西門街交叉處的市中心精華區，公車等大眾工具便捷，而大遠百娛樂城本身更提供了504個停車位，287個機車停車格，可說是得天獨厚的商場地點。此外，它還緊鄰繁榮的城隍廟傳統市場，其乃是新竹市民眾長久以來休憩聚集之地！如此精華之地段，肯定讓新竹市民眾對新竹威秀的所在更增添了一份熟悉好感！","開車：新竹交流道→光復路往市區方向→食品路左轉→西大路右轉即可到達
公車︰可搭乘 5號公車至「西門市場」站下車
接駁車：請多加利用遠百免費接駁公車",新竹市西大路323號8樓,(03) 524-1166,
威秀影城,新竹巨城威秀影城,https://www.vscinemas.com.tw/vsweb/upload/about/about_20180601001.jpg,"新竹巨城威秀影城位於新竹最大的百貨購物中心，這個以「家」的視覺風格為主要設計，採用木質色系裝潢強調舒適、潔淨的感覺。而這個新家大廳採簡約優雅的寬敞空間設計，並增加休憩的CAF? BAR，給桃竹苗地區的大居民們感受休閒樂活的新生活氣象！這裡絕對是所有影迷的第二個「家」，隨處可見影城貼心設計，符合影迷們的消費模式。
其中數位IMAX影廳可容納近300多人的座位，乃桃竹苗地區打造的首座擁有商用數位IMAX放映設備的影城，巨大弧形銀幕造完美觀影包覆感，不論坐在影廳內任何角落的觀眾，都能完全融入電影情境中，感受身置電影場景的震撼體驗！","開車：新竹交流道→光復路往市區方向→民族路右轉→中央路右轉即可到達
公車︰可搭乘 52號或53號至「 巨城購物」站下車
接駁車：請多加利用巨城購物中心免費接駁公車",新竹市民權路176號4樓之3,(03) 534-6999,
威秀影城,頭份尚順威秀影城,https://www.vscinemas.com.tw/vsweb/upload/about/about_20161018008.jpg,苗栗尚順威秀影城，讓座落在山中之城的這塊土地擁有電影養份；本影城呼應素有山城之稱的苗栗，打造出山城之鑽的設計概念。影院溢綻著神秘的紫色系瑰麗質感，以歐洲古典風格為影院空間宇宙，讓人身置歐陸小城的巴洛克風格。,"開車：國道一號南上或北下，由頭份交流道下車程約5分鐘即可抵達
台鐵：由台鐵竹南站下車後搭乘苗栗客運，車程約5分鐘即可抵達
公車︰可搭乘5802、5803、5806至「六合國小」站下車",苗栗縣頭份市東庄里15鄰育樂街8號7樓、8樓,(037) 686-866,
威秀影城,台中大遠百威秀影城,https://www.vscinemas.com.tw/vsweb/upload/about/about_20161018007.jpg,台中大遠百威秀影城為2011年底於台中增設的第三個據點，這座中台灣最新的複合式影城以原野大地色彩設計，有別於過去威秀影城的美式風格，將帶給中台灣民眾高水準的視聽饗宴。,"開車：
1)中山高速公路-台中交流道(台中、沙鹿))下往台中市方向
2)中彰快速公路-市政路出口下交流
3)中投公路-文心路往北屯路方向、左轉台灣大道
※停車優惠：台中大遠百地下停車場，憑當日電影票根每張可折抵1小時，每台車最多4小時。

接駁車：至台中高鐵站搭乘免費快捷專車至朝馬站，步行至台中大遠百威秀影城約10分鐘可到達",台中市西屯區台灣大道三段251號13樓 (台中大遠百購物中心),(04) 2258-8511,
威秀影城,台中TIGER CITY威秀影城,https://www.vscinemas.com.tw/vsweb/upload/about/about_20190711001.jpg,"TIGER CITY威秀影城於2011年11月25日全新改裝開幕，眾所矚目的大台中首座商用數位IMAX影廳亦宣告正式進駐大台中。全新改裝的影城呈現出時尚奢華、簡約優雅的全新風貌，影廳內的座椅則加倍的舒適寬敞。
2002年1月18日威秀影城為台灣觀眾引進享譽國際之「GOLD CLASS頂級影廳」，座落於台中TIGER CITY威秀影城，為全台第一座與國際同步、獨一無二的超豪華影廳。","公車︰
《高鐵台中站前往》
1.轉乘往「台中市區」路線，至「秋紅谷」站下車，步行約5分鐘。
2.豐原客運153在「秋紅谷」站下車。
3.和欣客運160在「朝馬轉運站」站下車、161在「臺中國家歌劇院」站下車。

《台中市區公車前往》
1.「公車專用道」路線，至「秋紅谷」站下車，步行約5分鐘。
2.臺中客運27、49、60至「老虎城」站下車。
3.統聯客運18、75至「老虎城」站下車。

※停車優惠：TIGER CITY地下停車場，憑當日電影票根每張可折抵2小時，每台車最多4小時。",台中市西屯區河南路三段120-1號4樓,(04) 3606-5566,
威秀影城,台中大魯閣新時代威秀影城,https://www.vscinemas.com.tw/vsweb/upload/about/about_20220808001.jpg,"睽違六年重回大魯閣新時代購物中心，期待服務更多影迷們；威秀影城於大魯閣新時代購物中心台中店推出9座影廳，座位數逾1,781席，包括一個杜比ATMOS影廳，多廳風格提供多元影片內容，增加場次彈性，讓觀眾選擇更多。","自行開車
國道一號：中港交流道→台灣大道→建國路→台中路→復興路→大魯閣新時代購物中心。
國道三號：中投交流道→中投快速公路→五權南路→忠明南路→大智路→大魯閣新時代購物中心。
※停車優惠：憑當日電影票根可折抵2小時，每台車最多2小時，不分平假日。

公車︰搭乘18、51、60、89、280、286、288、289，至「新時代購物中心」下車。

國道客運/台鐵︰臺中火車站復興路左出口轉，步行約5分鐘大魯閣新時代。

高鐵︰高鐵烏日站轉乘台鐵到臺中火車站，復興路左出口轉步行約5分鐘大魯閣新時代。",台中市東區復興路四段186號4樓 (台中大魯閣新時代購物中心),(04)2228-0388,
威秀影城,台南大遠百威秀影城,https://www.vscinemas.com.tw/vsweb/upload/about/about_20161018004.jpg,威秀影城於2002年7月5日正式在府城台南開幕，這座在台南核心地帶的威秀影城始終是年輕學生族群的最愛。經過了16年的歲月，威秀翻新本次據點，裝設了高度舒適彈性沙發座椅，讓影迷一坐上去感受前所未有的柔軟包覆。本次改裝加寬座椅間距，本來近2100席的座位少了600多席，把原本30%的空間多留給觀眾，給足影迷最寬闊的觀影體驗。,公車：可搭乘台南市公車至「台南大遠百」站下車,台南市中西區公園路60號5樓,(06) 600-5566,
威秀影城,台南FOCUS 威秀影城,https://www.vscinemas.com.tw/vsweb/upload/about/about_20200311001.jpg,"威秀影城於台南市的第三個據點：台南FOCUS威秀影城。
本據點以簡約時尚打造出這座年輕化的影城，寬闊明亮，讓每個造訪的觀眾覺得猶如回到家般的溫暖。全影城為全雷射投影，共計9座影廳，總座席為660席，將為府城觀眾帶來更多元選擇。亦是威秀影城在台灣的第16家影城。","客運：國光、統聯等客運至台南火車站前的北門路，往路行圓環中山路方向約五分鐘，即可到達。
自行開車：國道1號→仁德交流道→直行往台南市區方向→東門陸橋→右轉北門路→台南火車站前圓環→右轉中山路→即可到達。",台南市中西區中山路166號11樓,(06)-222-3566,
威秀影城,台南南紡威秀影城,https://www.vscinemas.com.tw/vsweb/upload/about/about_20201229001.JPG,"威秀影城以最高規格配備打造台南南紡威秀影城，讓觀影享受全面升級，一次到位！

A1館(1~11廳)設有一座數位IMAX影廳以及兩座GOLD CLASS頂級影廳，外加七座標準影廳；IMAX影廳使您同步體驗好萊塢最新強檔影片效果，GOLD CLASS讓您享受食尚雅緻的完美服務。
A2館(21廳~25廳)設有五座全雷射影廳，提供更多影片內容，讓台南南紡威秀影城成為台南最多影廳的單一影城，提供府城影迷們嶄新尊榮享受，給足各類觀影需求。","公車：可搭乘15號至「南紡購物中心」站下車，或搭乘６號至「後甲圓環」站下車
客運：可搭乘興南客運奇美線(H62)至「南紡購物中心」站下車
停車資訊：
(1)A1館地下停車場24小時開放
(2)A1館上層停車場開放時間11:00~21:30
(3)A2館上層/地下停車場開放時間11:00~21:30
非南紡購物中心營業時間，影城顧客敬請優先停至A1館地下停車場","A1館(1~11廳):台南市東區中華東路一段366號5樓
A2館(21~25廳):台南市東區中華東路一段358號B1樓",(06) 237-2255,
威秀影城,高雄大遠百威秀影城,https://www.vscinemas.com.tw/vsweb/upload/about/about_20161018002.jpg,"座落於市中心精華區的高雄威秀影城，地處高雄百貨匯集區，縱貫高雄大遠百13樓至16樓的樓層面積，強調舒適及空間感的國際級電影城，在影音設備及電影行銷活動上，帶給南台灣消費者最高品質的享受！
高雄捷運通車後，便捷的交通與優質的地理位置，使高雄威秀影城成為結合百貨流行、休閒娛樂與流行時尚的都會地標，滿足所有南台灣朋友們的需求。","捷運：捷運三多商圈1號出口
公車︰可搭乘 12, 70, 83, 100, 紅16, 紅18, 紅21(三多四路與中山路口下)",高雄市苓雅區三多四路21號13樓 (大遠百購物中心),(07) 334-5566,
威秀影城,花蓮新天堂樂園威秀影城,https://www.vscinemas.com.tw/vsweb/upload/about/about_20190102001.jpg,"身為台灣影城的領導品牌，為了給影迷最佳觀影體驗，花蓮新天堂樂園威秀影城更結合IMAX雷射影廳，以超越4K嶄新光學技術，表現絢麗鮮明色彩，全新12.1聲道環繞音響體驗，全面滿足東部發燒友影迷們期待。
此外，也規劃了沙發廳A+廳，讓影迷除了在娛樂觀影之外，亦能以不同的形式來包廳進行主題式的活動。推出42個頂極沙發座椅，給影迷看得舒適，享受尊榮奢華。
由台開集團規劃興建，威秀影城管理的花蓮新天堂樂園威秀影城，以經典電影《新天堂樂園》為名，充滿了濃厚的復古電影懷舊感，但整棟建築風格都是前衛先進的科技設備。","影城坐落於花蓮主幹道之一的南濱路上，建議自行開車前往。
市區可搭乘太魯閣客運301【東華大學－花蓮火車站】",花蓮縣吉安鄉南濱路一段503號3樓 (花蓮新天堂樂園購物商場),(03) 842-1133,
